PARALLELISM DEGREE,COMPLETION TIME,OVERHEAD TIME
1,10.823,0
2,6.48417,1.7e-05
3,5.307,3.3e-05
4,5.16635,2.3e-05
5,5.1185,3.5e-05
6,5.39115,2.6e-05
7,5.33253,3e-05
8,5.77477,3.2e-05
9,5.11622,4.4e-05
10,5.61961,3.4e-05
11,5.66674,2.6e-05
12,5.5885,3.9e-05
13,5.46355,3.6e-05
14,5.48414,3.1e-05
15,5.68119,6.2e-05
16,4.8639,5.1e-05
17,5.02425,6e-05
18,4.61041,6.2e-05
19,5.39904,4.9e-05
20,5.99648,5.1e-05
