PARALLELISM DEGREE,COMPLETION TIME
2,2.44494
3,4.34384
4,6.43127
5,8.16668
6,9.76201
7,11.2254
8,12.9221
9,14.7107
10,17.0319
