PARALLELISM DEGREE,COMPLETION TIME
2,5.7014
3,4.08779
4,5.03145
5,4.17277
6,4.36016
7,4.62237
8,4.53927
9,4.26404
10,4.40638
11,4.8268
12,3.91192
13,4.0107
14,4.34244
15,3.23581
16,3.33358
17,3.70474
18,3.89783
19,4.32359
20,4.03183
