PARALLELISM DEGREE,COMPLETION TIME
1,6.1669
2,4.92542
3,5.09032
4,4.50887
5,4.50384
6,4.57996
7,4.6459
