PARALLELISM DEGREE,COMPLETION TIME
1,16.4317
2,8.49107
3,6.19504
4,4.53529
5,4.55951
6,3.35705
7,3.06754
8,3.48874
9,3.38865
10,3.10055
