PARALLELISM DEGREE,COMPLETION TIME
2,2.15785
3,4.40261
4,6.16404
5,7.53815
6,9.31366
7,10.708
8,12.3776
9,14.5212
10,17.071
11,19.4097
12,20.6379
13,22.124
14,24.2955
15,26.527
