PARALLELISM DEGREE,COMPLETION TIME
1,6.22615
2,4.91063
3,4.65876
4,4.52543
5,4.51941
6,4.60207
7,4.74162
8,4.58234
9,4.4613
10,4.59735
