PARALLELISM DEGREE;COMPLETION TIME;OVERHEAD TIME;;
1;7.19031;0;;
2;5.29517;1.4e-05;;
3;4.99315;3.8e-05;;
4;4.88473;2.4e-05;;
5;5.15707;2.5e-05;;
6;5.37277;2.4e-05;;
7;5.39112;3.2e-05;;
8;5.08181;4.4e-05;;
9;5.12829;3.3e-05;;
10;5.01699;3.2e-05;;