PARALLELISM DEGREE,COMPLETION TIME
2,3.76203
3,4.52031
4,4.70866
5,6.39718
6,8.15953
7,9.84186
8,15.8975
9,13.7189
10,15.2156
11,16.4361
12,19.4182
13,23.8052
14,25.3624
15,27.0492
16,29.5551
