PARALLELISM DEGREE,COMPLETION TIME
2,4.76382
3,4.58782
4,4.40772
5,4.91334
6,4.70739
7,4.55731
8,4.72107
9,4.7017
10,4.78771
11,4.64755
12,4.5887
13,4.6573
14,4.97622
15,4.80236
16,4.8717
17,4.81175
18,4.67461
19,4.83551
20,4.73014
