PARALLELISM DEGREE,COMPLETION TIME,OVERHEAD TIME
1,7.04323,0
2,5.32614,2.3e-05
3,5.33019,3.8e-05
4,4.85029,2.2e-05
5,5.1949,2.5e-05
6,4.72782,2.5e-05
7,4.81631,2.9e-05
8,4.55743,3.2e-05
9,4.54525,2.7e-05
10,5.03807,3.4e-05
