PARALLELISM DEGREE,COMPLETION TIME,OVERHEAD TIME
1,7.24921,0
2,5.79187,2.9e-05
3,5.24018,3.6e-05
4,4.93602,3.3e-05
5,5.08896,2.5e-05
6,5.19939,3.1e-05
7,4.81639,2.7e-05
8,5.39444,2.6e-05
9,4.78903,3e-05
10,4.74604,2.9e-05
11,4.85008,3.8e-05
12,4.64656,3.9e-05
13,4.94435,4e-05
14,5.32082,3.9e-05
15,4.82754,6.3e-05
16,5.26228,5.1e-05
17,4.96897,5.1e-05
18,4.86587,5.1e-05
19,5.16174,6.1e-05
20,5.20524,5.1e-05
